﻿ticker,name
SPY,미국 대형주
QQQ,미국 기술주
IWM,미국 소형주
VGK,유럽 주식
EWJ,일본 주식
EWY,한국 주식
EWH,중국 주식
VEA,선진 주식
VWO,신흥 주식
DBC,원자재
GLD,금
TLT,미국 장기국채
HYG,미국 하이일드채권
LQD,미국 회사채권
TIP,미국 물가연동채권
IEF,미국 중기국채
BND,미국 종합채권
SHY,미국 단기국채
BIL,미국 초단기국채
IVE,미국 대형주 가치형
IWN,미국 소형주 가치형
EFA,국제 주식
VNQ,리츠
AGG,미국 종합채권
VEU,미국 제외 ACWI
VTI,미국 주식
GSG,원자재
EEM,신흥 주식
SCZ,국제 소형주
